community_id,summary
26,一个关于三元材料体系相图、成分及等温截面的社区。
18,一个专注于技术组件和知识点结构化探讨的专业社区。
66,"社区主题摘要:
一个关于工程图形学、CAD制图与科学计算可视化的技术社区。"
76,一个专注于材料科学与冶金领域的知识图谱社区。
77,一个专注于材料科学、冶金与热力学领域的专业知识交流社区。
78,聚焦材料科学领域的知识图谱构建与应用。
21,一个关于工程图学与热科学的社区，专注于三维几何形态与温度场的可视化分析。
31,"社区主题摘要:
一个专注于冶金学及相图知识的学术学习与交流社区。"
43,一个专注于材料热力学、相平衡与相图知识的专业社区。
53,一个围绕物理学中能量形式（如动能、势能）构建知识图谱的社区。
44,一个聚焦热力学，探讨能量形式、转换与系统知识的社区。
37,本社区聚焦热力学，探讨能量、质量与系统等核心物理概念。
16,聚焦热力学第一定律与能量守恒的物理学知识社区。
19,聚焦热力学第一定律，探讨能量守恒与转换原理的知识社区。
45,"社区主题摘要:
一个探讨热力学基本定律，聚焦内能、热与功之间能量转换关系的社区。"
54,"好的，基于提供的实体，这是一个简洁、精准的社区主题摘要：

**聚焦于材料科学、工业过程及相关工程原理的知识社区。**"
22,该社区聚焦于金属电解冶金技术，探讨金属的电解提取与精炼工艺。
23,一个聚焦热力学与物理化学的社区，探讨能量守恒、焓、功等核心概念与定律。
12,"社区主题摘要:
一个聚焦热力学与能量转换核心概念的知识社区。"
79,"基于实体“Heat Capacity”（热容）可以推断，该社区专注于科学、技术、工程等理工科领域的专业知识。

**社区主题摘要:**

一个专注于构建和分享科学、工程领域专业知识图谱的社区。"
4,"社区主题摘要:
本社区聚焦冶金热力学，探讨材料在热、压等条件下的能量与性质变化。"
24,聚焦热力学，探讨其基本定律、核心概念与发展历史的知识社区。
80,"好的，基于这是一个“知识图谱社区”，并结合常见实体，以下是一个简洁、精准的主题摘要：

**社区主题摘要:**

**一个聚焦知识图谱构建、图数据库技术与行业应用的专业交流社区。**"
67,"好的，基于实体“Cp”（通常指热容或与Calphad计算相关）和“Metallurgical Systems”（冶金体系），可以推断该社区的核心主题。

**社区主题摘要:**

一个专注于计算材料科学与冶金热力学知识图谱的专业社区。"
28,"社区主题摘要:
聚焦热力学第二定律及熵、热、平衡等核心概念的物理知识社区。"
36,本社区聚焦热力学第二定律，探讨熵、能量转换及自然过程的本质。
27,"社区主题摘要:
一个聚焦热力学定律、核心概念与代表科学家的知识社区。"
68,一个聚焦物理、化学等基础科学概念的知识图谱社区。
5,本社区聚焦于热力学，探讨熵、焓、能量等核心物理概念与性质。
81,这是一个专注于材料科学与化学交叉领域的知识社群。
82,一个专注于化学物质、结构、性质与反应的知识图谱社区。
55,一个聚焦热力学与物理化学核心概念的知识社群。
25,一个聚焦热力学与物理化学核心概念的知识社区。
56,"社区主题摘要:
**一个聚焦化学热力学，探讨反应方向、平衡与能量转换的知识社区。**"
57,该社区专注于热力学及物理化学领域的知识探讨与分享。
32,"社区主题摘要:

一个专注于材料热力学、相图及相变知识的学术社区。"
83,一个专注科学计算与材料科学领域的知识图谱社区。
69,"**摘要：**

一个聚焦于材料科学领域，探讨相图、相变与计算模拟的专业知识社区。"
58,一个关于化学热力学与平衡原理的知识社区。
39,一个聚焦物理化学与材料科学领域的学术研究社区。
46,"社区主题摘要:
本社区聚焦于物质相变、相图等物理化学知识。"
84,一个聚焦物理化学、材料科学等领域的知识图谱社区。
70,一个聚焦物理化学与材料科学知识构建的专业社区。
71,一个专注于物质科学与化学领域的知识图谱社区。
47,本社区聚焦热力学核心定律、方程及重要科学家。
48,聚焦于热力学经典理论，如克劳修斯-克拉佩龙方程与相变研究。
59,一个聚焦相图、相变与热力学知识的专业社区。
72,一个专注于材料科学相图、相变与热力学知识的学术社区。
15,一个专注于材料相图与计算热力学知识的社区。
38,一个专注于材料科学、相图与相平衡的知识社区。
11,一个关于材料热力学、相图计算与相平衡分析的社区。
60,一个专注于材料科学、冶金与相图知识的社区。
61,"社区主题摘要:
这是一个关于材料科学与物理化学知识的社区。"
13,"社区主题摘要:
该社区聚焦于物理化学与材料科学，探讨多组分体系的热力学性质与相平衡。"
85,这是一个专注于材料科学、相图与热力学知识的专业社区。
34,一个专注于材料科学领域相图及热力学知识的社区。
33,一个专注于材料热力学、相图分析与相平衡研究的学术社区。
8,"社区主题摘要:
一个专注于材料相图、相变与热力学原理的知识社区。"
2,该社区聚焦于材料科学中的相图分析，重点探讨两相区与连接线的应用。
14,"社区主题摘要:
该社区专注于多组分体系的相图、相平衡及相关知识。"
62,一个探讨材料相图、相变与热力学原理的知识社区。
35,该社区聚焦于材料热力学，通过吉布斯能等理论分析相图与物质相变。
49,一个以ASM国际为核心的金属材料科学专业社区，专注粉末冶金等领域。
63,"社区主题摘要:
一个聚焦金属粉末及粉末冶金领域的专业知识社区。"
73,"好的，基于提供的实体信息，以下是几个简洁精准的社区主题摘要供您选择：

**摘要一 (侧重关系):**
专注于知识图谱领域的人物、机构及其相互关系。

**摘要二 (侧重产业与学术):**
汇集知识图谱领域的专家、企业及行业动态。

**摘要三 (最精简):**
一个关于知识图谱领域人物与机构的知识网络。"
30,"社区主题摘要:
一个聚焦粉末冶金材料、工艺及应用的专业社区。"
17,该社区聚焦粉末冶金技术，涵盖其原料、工艺、零件及应用。
50,一个聚焦汽车零部件、金属材料与制造工艺的工程技术社区。
64,建筑五金与锁具知识社区，涵盖材料、零件与成品。
40,一个专注于金属粉末材料、粉末冶金技术与多样化应用的知识社区。
51,聚焦焊接、切割等金属加工工艺与材料的专业社区。
52,专注汽车粉末冶金零件技术，及其在发动机、变速箱等领域的应用。
41,一个聚焦材料科学等领域的科技文献与学术用户的知识社区。
6,聚焦合金材料的高温蠕变变形与断裂机理，及其与晶界等微观结构的关系。
1,本社区专注于镁合金的微观结构，重点研究其晶界、相界特性与界面能。
86,一个聚焦材料科学、工程力学及应用的专业知识社区。
10,一个研究合金微观结构与其高温力学性能（如蠕变、断裂）关系的知识社区。
74,一个聚焦金属材料微观结构、相变与相界面的物理冶金知识社区。
87,"根据实体“二面角 (θ₁, θ₂, θ₃)”，可以推断该社区专注于科学、技术、工程和数学（STEM）领域的结构化知识。

**社区主题摘要:**

一个构建和分享数学、物理、化学等领域结构化科学知识图谱的社区。"
3,本社区聚焦材料的蠕变性能，深入探讨晶界行为与微观结构的影响。
88,一个构建与探讨金属材料（如合金）知识图谱的专业社区。
42,一个探讨金属材料力学性能与微观机理的专业社区。
7,该社区聚焦材料科学，探讨晶界、相界等界面结构对材料力学性能与服役寿命的影响。
89,"社区主题摘要:
一个以数学、物理等理工科知识为核心的学术交流社区。"
90,"好的，仅根据实体 'vₛ'（通常代表速度、信号速度或声速等物理量）来推断，这个社区的核心主题很可能与科学、技术或数学领域有关。

以下是基于此推断生成的几个可能的摘要，您可以根据社区的实际情况选择最贴切的一个：

**可能性一 (最可能):**
一个构建科学与工程领域知识图谱，分享公式与符号的社区。

**可能性二 (更宽泛):**
一个专注于用知识图谱表示和分享理工科专业知识的学术社区。

**可能性三 (更具体):**
一个围绕物理学、信号处理等领域的公式和概念构建知识图谱的社区。

---
**建议：** 为了获得最精准的摘要，建议您提供更多样化的实体，例如“麦克斯韦方程组”、“傅里叶变换”、“张量”等，这样可以更准确地锁定社区的主题范围。"
9,该社区探讨材料科学中的晶体形核理论，聚焦相变过程的关键参数与计算公式。
91,一个以经典物理力学、特别是受力分析为核心的知识社区。
92,"好的，请提供社区的实体列表。

由于您只给出了`'r'...`，我无法分析社区的核心主题。为了生成精准的摘要，我需要更完整的实体列表。

**请您提供实体列表后，我将立即为您生成摘要。**

---

**为了给您提供参考，这里有几个示例：**

*   **示例1：如果实体列表是：**
    `'Python', '机器学习', '深度学习', 'TensorFlow', '数据分析', '算法'`
    *   **社区主题摘要：** 一个专注于Python机器学习与数据科学技术的交流社区。

*   **示例2：如果实体列表是：**
    `'原神', '角色攻略', '圣遗物', '深境螺旋', '玩家组队', '二次元'`
    *   **社区主题摘要：** 一个围绕《原神》游戏攻略、角色培养和玩家交流的社区。

*   **示例3：如果实体列表是：**
    `'股票', '基金', '投资策略', '理财知识', '市场分析', 'A股'`
    *   **社区主题摘要：** 分享股票基金投资策略与市场分析的专业理财知识社区。"
0,聚焦金属材料的晶界行为及其对蠕变、断裂等失效机理的研究。
75,一个聚焦材料科学，探讨微观结构与界面性能的专业社区。
20,"社区主题摘要:
一个研究金属材料微观结构、晶界行为与高温蠕变断裂机制的社区。"
65,该社区聚焦于冶金与钢铁材料领域的专业学术研究。
29,该社区聚焦材料科学，特别是金属材料的断裂力学与物理性能研究。
